DataCompleta,Ano,Mes,Dia,NomeMes,DiaSemana,SemanaAno,Trimestre,Semestre,DiaAno
27/01/1955,1955,1,27,Janeiro,Quinta-feira,4,Q1,S1,27
12/07/1955,1955,7,12,Julho,Terça-feira,28,Q3,S2,193
24/09/1958,1958,9,24,Setembro,Quarta-feira,39,Q3,S2,267
28/11/1958,1958,11,28,Novembro,Sexta-feira,48,Q4,S2,332
07/02/1959,1959,2,7,Fevereiro,Sábado,6,Q1,S1,38
10/09/1959,1959,9,10,Setembro,Quinta-feira,37,Q3,S2,253
21/11/1959,1959,11,21,Novembro,Sábado,47,Q4,S2,325
20/03/1965,1965,3,20,Março,Sábado,11,Q1,S1,79
13/05/1965,1965,5,13,Maio,Quinta-feira,19,Q2,S1,133
22/05/1965,1965,5,22,Maio,Sábado,20,Q2,S1,142
26/05/1965,1965,5,26,Maio,Quarta-feira,21,Q2,S1,146
02/08/1965,1965,8,2,Agosto,Segunda-feira,31,Q3,S2,214
22/01/1966,1966,1,22,Janeiro,Sábado,3,Q1,S1,22
16/09/1966,1966,9,16,Setembro,Sexta-feira,37,Q3,S2,259
02/10/1966,1966,10,2,Outubro,Domingo,39,Q4,S2,275
15/06/1967,1967,6,15,Junho,Quinta-feira,24,Q2,S1,166
28/06/1969,1969,6,28,Junho,Sábado,26,Q2,S1,179
05/07/1969,1969,7,5,Julho,Sábado,27,Q3,S2,186
20/05/1970,1970,5,20,Maio,Quarta-feira,21,Q2,S1,140
22/10/1971,1971,10,22,Outubro,Sexta-feira,42,Q4,S2,295
21/05/1972,1972,5,21,Maio,Domingo,20,Q2,S1,142
28/06/1972,1972,6,28,Junho,Quarta-feira,26,Q2,S1,180
16/07/1972,1972,7,16,Julho,Domingo,28,Q3,S2,198
10/08/1972,1972,8,10,Agosto,Quinta-feira,32,Q3,S2,223
27/09/1972,1972,9,27,Setembro,Quarta-feira,39,Q3,S2,271
01/10/1972,1972,10,1,Outubro,Domingo,39,Q4,S2,275
07/03/1974,1974,3,7,Março,Quinta-feira,10,Q1,S1,66
27/04/1974,1974,4,27,Abril,Sábado,17,Q2,S1,117
18/05/1974,1974,5,18,Maio,Sábado,20,Q2,S1,138
03/06/1974,1974,6,3,Junho,Segunda-feira,23,Q2,S1,154
27/07/1974,1974,7,27,Julho,Sábado,30,Q3,S2,208
17/08/1974,1974,8,17,Agosto,Sábado,33,Q3,S2,229
21/12/1974,1974,12,21,Dezembro,Sábado,51,Q4,S2,355
24/09/1975,1975,9,24,Setembro,Quarta-feira,39,Q3,S2,267
08/12/1975,1975,12,8,Dezembro,Segunda-feira,50,Q4,S2,342
06/01/1976,1976,1,6,Janeiro,Terça-feira,2,Q1,S1,6
09/01/1976,1976,1,9,Janeiro,Sexta-feira,2,Q1,S1,9
19/03/1976,1976,3,19,Março,Sexta-feira,12,Q1,S1,79
02/06/1976,1976,6,2,Junho,Quarta-feira,23,Q2,S1,154
13/06/1976,1976,6,13,Junho,Domingo,24,Q2,S1,165
20/03/1978,1978,3,20,Março,Segunda-feira,12,Q1,S1,79
18/04/1978,1978,4,18,Abril,Terça-feira,16,Q2,S1,108
04/05/1978,1978,5,4,Maio,Quinta-feira,18,Q2,S1,124
16/06/1978,1978,6,16,Junho,Sexta-feira,24,Q2,S1,167
07/07/1978,1978,7,7,Julho,Sexta-feira,27,Q3,S2,188
28/11/1978,1978,11,28,Novembro,Terça-feira,48,Q4,S2,332
06/05/1981,1981,5,6,Maio,Quarta-feira,19,Q2,S1,126
06/01/1983,1983,1,6,Janeiro,Quinta-feira,1,Q1,S1,6
18/02/1983,1983,2,18,Fevereiro,Sexta-feira,7,Q1,S1,49
25/09/1983,1983,9,25,Setembro,Domingo,38,Q3,S2,268
07/04/1987,1987,4,7,Abril,Terça-feira,15,Q2,S1,97
06/06/1987,1987,6,6,Junho,Sábado,23,Q2,S1,157
08/08/1987,1987,8,8,Agosto,Sábado,32,Q3,S2,220
14/08/1987,1987,8,14,Agosto,Sexta-feira,33,Q3,S2,226
23/08/1987,1987,8,23,Agosto,Domingo,34,Q3,S2,235
18/10/1987,1987,10,18,Outubro,Domingo,42,Q4,S2,291
21/10/1987,1987,10,21,Outubro,Quarta-feira,43,Q4,S2,294
25/11/1987,1987,11,25,Novembro,Quarta-feira,48,Q4,S2,329
02/04/1988,1988,4,2,Abril,Sábado,13,Q2,S1,93
01/11/1988,1988,11,1,Novembro,Terça-feira,44,Q4,S2,306
13/05/1989,1989,5,13,Maio,Sábado,19,Q2,S1,133
25/02/1991,1991,2,25,Fevereiro,Segunda-feira,9,Q1,S1,56
01/03/1991,1991,3,1,Março,Sexta-feira,9,Q1,S1,60
17/03/1991,1991,3,17,Março,Domingo,11,Q1,S1,76
14/04/1991,1991,4,14,Abril,Domingo,15,Q2,S1,104
14/08/1991,1991,8,14,Agosto,Quarta-feira,33,Q3,S2,226
15/10/1991,1991,10,15,Outubro,Terça-feira,42,Q4,S2,288
11/06/1993,1993,6,11,Junho,Sexta-feira,23,Q2,S1,162
03/05/1995,1995,5,3,Maio,Quarta-feira,18,Q2,S1,123
12/05/1995,1995,5,12,Maio,Sexta-feira,19,Q2,S1,132
24/05/1995,1995,5,24,Maio,Quarta-feira,21,Q2,S1,144
26/07/1995,1995,7,26,Julho,Quarta-feira,30,Q3,S2,207
02/08/1995,1995,8,2,Agosto,Quarta-feira,31,Q3,S2,214
10/08/1995,1995,8,10,Agosto,Quinta-feira,32,Q3,S2,222
24/10/1995,1995,10,24,Outubro,Terça-feira,43,Q4,S2,297
21/11/1995,1995,11,21,Novembro,Terça-feira,47,Q4,S2,325
18/03/1996,1996,3,18,Março,Segunda-feira,12,Q1,S1,78
14/08/1996,1996,8,14,Agosto,Quarta-feira,33,Q3,S2,227
12/02/1997,1997,2,12,Fevereiro,Quarta-feira,7,Q1,S1,43
20/05/1997,1997,5,20,Maio,Terça-feira,21,Q2,S1,140
13/06/1997,1997,6,13,Junho,Sexta-feira,24,Q2,S1,164
13/09/1997,1997,9,13,Setembro,Sábado,37,Q3,S2,256
04/10/1997,1997,10,4,Outubro,Sábado,40,Q4,S2,277
19/04/1998,1998,4,19,Abril,Domingo,16,Q2,S1,109
25/11/1998,1998,11,25,Novembro,Quarta-feira,48,Q4,S2,329
02/01/1999,1999,1,2,Janeiro,Sábado,53,Q1,S1,2
19/11/2000,2000,11,19,Novembro,Domingo,46,Q4,S2,324
07/03/2002,2002,3,7,Março,Quinta-feira,10,Q1,S1,66
09/01/2003,2003,1,9,Janeiro,Quinta-feira,2,Q1,S1,9
12/02/2003,2003,2,12,Fevereiro,Quarta-feira,7,Q1,S1,43
05/06/2003,2003,6,5,Junho,Quinta-feira,23,Q2,S1,156
26/07/2003,2003,7,26,Julho,Sábado,30,Q3,S2,207
19/10/2003,2003,10,19,Outubro,Domingo,42,Q4,S2,292
03/03/2004,2004,3,3,Março,Quarta-feira,10,Q1,S1,63
26/04/2004,2004,4,26,Abril,Segunda-feira,18,Q2,S1,117
15/05/2004,2004,5,15,Maio,Sábado,20,Q2,S1,136
02/08/2004,2004,8,2,Agosto,Segunda-feira,32,Q3,S2,215
06/08/2004,2004,8,6,Agosto,Sexta-feira,32,Q3,S2,219
21/10/2004,2004,10,21,Outubro,Quinta-feira,43,Q4,S2,295
24/10/2005,2005,10,24,Outubro,Segunda-feira,43,Q4,S2,297
27/02/2006,2006,2,27,Fevereiro,Segunda-feira,9,Q1,S1,58
10/01/2023,2023,1,10,Janeiro,Terça-feira,2,Q1,S1,10
11/01/2023,2023,1,11,Janeiro,Quarta-feira,2,Q1,S1,11
12/01/2023,2023,1,12,Janeiro,Quinta-feira,2,Q1,S1,12
13/01/2023,2023,1,13,Janeiro,Sexta-feira,2,Q1,S1,13
14/01/2023,2023,1,14,Janeiro,Sábado,2,Q1,S1,14
16/01/2023,2023,1,16,Janeiro,Segunda-feira,3,Q1,S1,16
17/01/2023,2023,1,17,Janeiro,Terça-feira,3,Q1,S1,17
18/01/2023,2023,1,18,Janeiro,Quarta-feira,3,Q1,S1,18
19/01/2023,2023,1,19,Janeiro,Quinta-feira,3,Q1,S1,19
20/01/2023,2023,1,20,Janeiro,Sexta-feira,3,Q1,S1,20
21/01/2023,2023,1,21,Janeiro,Sábado,3,Q1,S1,21
23/01/2023,2023,1,23,Janeiro,Segunda-feira,4,Q1,S1,23
24/01/2023,2023,1,24,Janeiro,Terça-feira,4,Q1,S1,24
25/01/2023,2023,1,25,Janeiro,Quarta-feira,4,Q1,S1,25
26/01/2023,2023,1,26,Janeiro,Quinta-feira,4,Q1,S1,26
27/01/2023,2023,1,27,Janeiro,Sexta-feira,4,Q1,S1,27
28/01/2023,2023,1,28,Janeiro,Sábado,4,Q1,S1,28
30/01/2023,2023,1,30,Janeiro,Segunda-feira,5,Q1,S1,30
31/01/2023,2023,1,31,Janeiro,Terça-feira,5,Q1,S1,31
01/02/2023,2023,2,1,Fevereiro,Quarta-feira,5,Q1,S1,32
02/02/2023,2023,2,2,Fevereiro,Quinta-feira,5,Q1,S1,33
03/02/2023,2023,2,3,Fevereiro,Sexta-feira,5,Q1,S1,34
04/02/2023,2023,2,4,Fevereiro,Sábado,5,Q1,S1,35
06/02/2023,2023,2,6,Fevereiro,Segunda-feira,6,Q1,S1,37
07/02/2023,2023,2,7,Fevereiro,Terça-feira,6,Q1,S1,38
08/02/2023,2023,2,8,Fevereiro,Quarta-feira,6,Q1,S1,39
09/02/2023,2023,2,9,Fevereiro,Quinta-feira,6,Q1,S1,40
10/02/2023,2023,2,10,Fevereiro,Sexta-feira,6,Q1,S1,41
11/02/2023,2023,2,11,Fevereiro,Sábado,6,Q1,S1,42
13/02/2023,2023,2,13,Fevereiro,Segunda-feira,7,Q1,S1,44
14/02/2023,2023,2,14,Fevereiro,Terça-feira,7,Q1,S1,45
15/02/2023,2023,2,15,Fevereiro,Quarta-feira,7,Q1,S1,46
16/02/2023,2023,2,16,Fevereiro,Quinta-feira,7,Q1,S1,47
17/02/2023,2023,2,17,Fevereiro,Sexta-feira,7,Q1,S1,48
18/02/2023,2023,2,18,Fevereiro,Sábado,7,Q1,S1,49
20/02/2023,2023,2,20,Fevereiro,Segunda-feira,8,Q1,S1,51
21/02/2023,2023,2,21,Fevereiro,Terça-feira,8,Q1,S1,52
22/02/2023,2023,2,22,Fevereiro,Quarta-feira,8,Q1,S1,53
23/02/2023,2023,2,23,Fevereiro,Quinta-feira,8,Q1,S1,54
24/02/2023,2023,2,24,Fevereiro,Sexta-feira,8,Q1,S1,55
25/02/2023,2023,2,25,Fevereiro,Sábado,8,Q1,S1,56
27/02/2023,2023,2,27,Fevereiro,Segunda-feira,9,Q1,S1,58
28/02/2023,2023,2,28,Fevereiro,Terça-feira,9,Q1,S1,59
01/03/2023,2023,3,1,Março,Quarta-feira,9,Q1,S1,60
02/03/2023,2023,3,2,Março,Quinta-feira,9,Q1,S1,61
03/03/2023,2023,3,3,Março,Sexta-feira,9,Q1,S1,62
04/03/2023,2023,3,4,Março,Sábado,9,Q1,S1,63
06/03/2023,2023,3,6,Março,Segunda-feira,10,Q1,S1,65
07/03/2023,2023,3,7,Março,Terça-feira,10,Q1,S1,66
08/03/2023,2023,3,8,Março,Quarta-feira,10,Q1,S1,67
09/03/2023,2023,3,9,Março,Quinta-feira,10,Q1,S1,68
10/03/2023,2023,3,10,Março,Sexta-feira,10,Q1,S1,69
11/03/2023,2023,3,11,Março,Sábado,10,Q1,S1,70
13/03/2023,2023,3,13,Março,Segunda-feira,11,Q1,S1,72
14/03/2023,2023,3,14,Março,Terça-feira,11,Q1,S1,73
15/03/2023,2023,3,15,Março,Quarta-feira,11,Q1,S1,74
16/03/2023,2023,3,16,Março,Quinta-feira,11,Q1,S1,75
17/03/2023,2023,3,17,Março,Sexta-feira,11,Q1,S1,76
18/03/2023,2023,3,18,Março,Sábado,11,Q1,S1,77
20/03/2023,2023,3,20,Março,Segunda-feira,12,Q1,S1,79
21/03/2023,2023,3,21,Março,Terça-feira,12,Q1,S1,80
22/03/2023,2023,3,22,Março,Quarta-feira,12,Q1,S1,81
23/03/2023,2023,3,23,Março,Quinta-feira,12,Q1,S1,82
24/03/2023,2023,3,24,Março,Sexta-feira,12,Q1,S1,83
25/03/2023,2023,3,25,Março,Sábado,12,Q1,S1,84
27/03/2023,2023,3,27,Março,Segunda-feira,13,Q1,S1,86
28/03/2023,2023,3,28,Março,Terça-feira,13,Q1,S1,87
29/03/2023,2023,3,29,Março,Quarta-feira,13,Q1,S1,88
30/03/2023,2023,3,30,Março,Quinta-feira,13,Q1,S1,89
31/03/2023,2023,3,31,Março,Sexta-feira,13,Q1,S1,90
01/04/2023,2023,4,1,Abril,Sábado,13,Q2,S1,91
03/04/2023,2023,4,3,Abril,Segunda-feira,14,Q2,S1,93
04/04/2023,2023,4,4,Abril,Terça-feira,14,Q2,S1,94
05/04/2023,2023,4,5,Abril,Quarta-feira,14,Q2,S1,95
06/04/2023,2023,4,6,Abril,Quinta-feira,14,Q2,S1,96
07/04/2023,2023,4,7,Abril,Sexta-feira,14,Q2,S1,97
08/04/2023,2023,4,8,Abril,Sábado,14,Q2,S1,98
10/04/2023,2023,4,10,Abril,Segunda-feira,15,Q2,S1,100
11/04/2023,2023,4,11,Abril,Terça-feira,15,Q2,S1,101
12/04/2023,2023,4,12,Abril,Quarta-feira,15,Q2,S1,102
13/04/2023,2023,4,13,Abril,Quinta-feira,15,Q2,S1,103
14/04/2023,2023,4,14,Abril,Sexta-feira,15,Q2,S1,104
15/04/2023,2023,4,15,Abril,Sábado,15,Q2,S1,105
17/04/2023,2023,4,17,Abril,Segunda-feira,16,Q2,S1,107
18/04/2023,2023,4,18,Abril,Terça-feira,16,Q2,S1,108
19/04/2023,2023,4,19,Abril,Quarta-feira,16,Q2,S1,109
20/04/2023,2023,4,20,Abril,Quinta-feira,16,Q2,S1,110
21/04/2023,2023,4,21,Abril,Sexta-feira,16,Q2,S1,111
22/04/2023,2023,4,22,Abril,Sábado,16,Q2,S1,112
24/04/2023,2023,4,24,Abril,Segunda-feira,17,Q2,S1,114
25/04/2023,2023,4,25,Abril,Terça-feira,17,Q2,S1,115
26/04/2023,2023,4,26,Abril,Quarta-feira,17,Q2,S1,116
27/04/2023,2023,4,27,Abril,Quinta-feira,17,Q2,S1,117
28/04/2023,2023,4,28,Abril,Sexta-feira,17,Q2,S1,118
29/04/2023,2023,4,29,Abril,Sábado,17,Q2,S1,119
01/05/2023,2023,5,1,Maio,Segunda-feira,18,Q2,S1,121
02/05/2023,2023,5,2,Maio,Terça-feira,18,Q2,S1,122
03/05/2023,2023,5,3,Maio,Quarta-feira,18,Q2,S1,123
04/05/2023,2023,5,4,Maio,Quinta-feira,18,Q2,S1,124
05/05/2023,2023,5,5,Maio,Sexta-feira,18,Q2,S1,125
06/05/2023,2023,5,6,Maio,Sábado,18,Q2,S1,126
08/05/2023,2023,5,8,Maio,Segunda-feira,19,Q2,S1,128
09/05/2023,2023,5,9,Maio,Terça-feira,19,Q2,S1,129
10/05/2023,2023,5,10,Maio,Quarta-feira,19,Q2,S1,130
11/05/2023,2023,5,11,Maio,Quinta-feira,19,Q2,S1,131
12/05/2023,2023,5,12,Maio,Sexta-feira,19,Q2,S1,132
13/05/2023,2023,5,13,Maio,Sábado,19,Q2,S1,133
15/05/2023,2023,5,15,Maio,Segunda-feira,20,Q2,S1,135
16/05/2023,2023,5,16,Maio,Terça-feira,20,Q2,S1,136
17/05/2023,2023,5,17,Maio,Quarta-feira,20,Q2,S1,137
18/05/2023,2023,5,18,Maio,Quinta-feira,20,Q2,S1,138
19/05/2023,2023,5,19,Maio,Sexta-feira,20,Q2,S1,139
20/05/2023,2023,5,20,Maio,Sábado,20,Q2,S1,140
22/05/2023,2023,5,22,Maio,Segunda-feira,21,Q2,S1,142
23/05/2023,2023,5,23,Maio,Terça-feira,21,Q2,S1,143
24/05/2023,2023,5,24,Maio,Quarta-feira,21,Q2,S1,144
25/05/2023,2023,5,25,Maio,Quinta-feira,21,Q2,S1,145
26/05/2023,2023,5,26,Maio,Sexta-feira,21,Q2,S1,146
27/05/2023,2023,5,27,Maio,Sábado,21,Q2,S1,147
29/05/2023,2023,5,29,Maio,Segunda-feira,22,Q2,S1,149
30/05/2023,2023,5,30,Maio,Terça-feira,22,Q2,S1,150
31/05/2023,2023,5,31,Maio,Quarta-feira,22,Q2,S1,151
01/06/2023,2023,6,1,Junho,Quinta-feira,22,Q2,S1,152
02/06/2023,2023,6,2,Junho,Sexta-feira,22,Q2,S1,153
03/06/2023,2023,6,3,Junho,Sábado,22,Q2,S1,154
05/06/2023,2023,6,5,Junho,Segunda-feira,23,Q2,S1,156
06/06/2023,2023,6,6,Junho,Terça-feira,23,Q2,S1,157
07/06/2023,2023,6,7,Junho,Quarta-feira,23,Q2,S1,158
08/06/2023,2023,6,8,Junho,Quinta-feira,23,Q2,S1,159
09/06/2023,2023,6,9,Junho,Sexta-feira,23,Q2,S1,160
10/06/2023,2023,6,10,Junho,Sábado,23,Q2,S1,161
12/06/2023,2023,6,12,Junho,Segunda-feira,24,Q2,S1,163
13/06/2023,2023,6,13,Junho,Terça-feira,24,Q2,S1,164
14/06/2023,2023,6,14,Junho,Quarta-feira,24,Q2,S1,165
15/06/2023,2023,6,15,Junho,Quinta-feira,24,Q2,S1,166
16/06/2023,2023,6,16,Junho,Sexta-feira,24,Q2,S1,167
17/06/2023,2023,6,17,Junho,Sábado,24,Q2,S1,168
19/06/2023,2023,6,19,Junho,Segunda-feira,25,Q2,S1,170
20/06/2023,2023,6,20,Junho,Terça-feira,25,Q2,S1,171
21/06/2023,2023,6,21,Junho,Quarta-feira,25,Q2,S1,172
22/06/2023,2023,6,22,Junho,Quinta-feira,25,Q2,S1,173
23/06/2023,2023,6,23,Junho,Sexta-feira,25,Q2,S1,174
24/06/2023,2023,6,24,Junho,Sábado,25,Q2,S1,175
26/06/2023,2023,6,26,Junho,Segunda-feira,26,Q2,S1,177
27/06/2023,2023,6,27,Junho,Terça-feira,26,Q2,S1,178
28/06/2023,2023,6,28,Junho,Quarta-feira,26,Q2,S1,179
29/06/2023,2023,6,29,Junho,Quinta-feira,26,Q2,S1,180
30/06/2023,2023,6,30,Junho,Sexta-feira,26,Q2,S1,181
01/07/2023,2023,7,1,Julho,Sábado,26,Q3,S2,182
03/07/2023,2023,7,3,Julho,Segunda-feira,27,Q3,S2,184
04/07/2023,2023,7,4,Julho,Terça-feira,27,Q3,S2,185
05/07/2023,2023,7,5,Julho,Quarta-feira,27,Q3,S2,186
06/07/2023,2023,7,6,Julho,Quinta-feira,27,Q3,S2,187
07/07/2023,2023,7,7,Julho,Sexta-feira,27,Q3,S2,188
08/07/2023,2023,7,8,Julho,Sábado,27,Q3,S2,189
10/07/2023,2023,7,10,Julho,Segunda-feira,28,Q3,S2,191
11/07/2023,2023,7,11,Julho,Terça-feira,28,Q3,S2,192
12/07/2023,2023,7,12,Julho,Quarta-feira,28,Q3,S2,193
13/07/2023,2023,7,13,Julho,Quinta-feira,28,Q3,S2,194
14/07/2023,2023,7,14,Julho,Sexta-feira,28,Q3,S2,195
15/07/2023,2023,7,15,Julho,Sábado,28,Q3,S2,196
17/07/2023,2023,7,17,Julho,Segunda-feira,29,Q3,S2,198
18/07/2023,2023,7,18,Julho,Terça-feira,29,Q3,S2,199
19/07/2023,2023,7,19,Julho,Quarta-feira,29,Q3,S2,200
20/07/2023,2023,7,20,Julho,Quinta-feira,29,Q3,S2,201
21/07/2023,2023,7,21,Julho,Sexta-feira,29,Q3,S2,202
22/07/2023,2023,7,22,Julho,Sábado,29,Q3,S2,203
24/07/2023,2023,7,24,Julho,Segunda-feira,30,Q3,S2,205
25/07/2023,2023,7,25,Julho,Terça-feira,30,Q3,S2,206
26/07/2023,2023,7,26,Julho,Quarta-feira,30,Q3,S2,207
27/07/2023,2023,7,27,Julho,Quinta-feira,30,Q3,S2,208
28/07/2023,2023,7,28,Julho,Sexta-feira,30,Q3,S2,209
29/07/2023,2023,7,29,Julho,Sábado,30,Q3,S2,210
31/07/2023,2023,7,31,Julho,Segunda-feira,31,Q3,S2,212
01/08/2023,2023,8,1,Agosto,Terça-feira,31,Q3,S2,213
02/08/2023,2023,8,2,Agosto,Quarta-feira,31,Q3,S2,214
03/08/2023,2023,8,3,Agosto,Quinta-feira,31,Q3,S2,215
04/08/2023,2023,8,4,Agosto,Sexta-feira,31,Q3,S2,216
05/08/2023,2023,8,5,Agosto,Sábado,31,Q3,S2,217
07/08/2023,2023,8,7,Agosto,Segunda-feira,32,Q3,S2,219
08/08/2023,2023,8,8,Agosto,Terça-feira,32,Q3,S2,220
09/08/2023,2023,8,9,Agosto,Quarta-feira,32,Q3,S2,221
10/08/2023,2023,8,10,Agosto,Quinta-feira,32,Q3,S2,222
11/08/2023,2023,8,11,Agosto,Sexta-feira,32,Q3,S2,223
12/08/2023,2023,8,12,Agosto,Sábado,32,Q3,S2,224
14/08/2023,2023,8,14,Agosto,Segunda-feira,33,Q3,S2,226
15/08/2023,2023,8,15,Agosto,Terça-feira,33,Q3,S2,227
16/08/2023,2023,8,16,Agosto,Quarta-feira,33,Q3,S2,228
17/08/2023,2023,8,17,Agosto,Quinta-feira,33,Q3,S2,229
18/08/2023,2023,8,18,Agosto,Sexta-feira,33,Q3,S2,230
19/08/2023,2023,8,19,Agosto,Sábado,33,Q3,S2,231
21/08/2023,2023,8,21,Agosto,Segunda-feira,34,Q3,S2,233
22/08/2023,2023,8,22,Agosto,Terça-feira,34,Q3,S2,234
23/08/2023,2023,8,23,Agosto,Quarta-feira,34,Q3,S2,235
24/08/2023,2023,8,24,Agosto,Quinta-feira,34,Q3,S2,236
25/08/2023,2023,8,25,Agosto,Sexta-feira,34,Q3,S2,237
26/08/2023,2023,8,26,Agosto,Sábado,34,Q3,S2,238
28/08/2023,2023,8,28,Agosto,Segunda-feira,35,Q3,S2,240
29/08/2023,2023,8,29,Agosto,Terça-feira,35,Q3,S2,241
30/08/2023,2023,8,30,Agosto,Quarta-feira,35,Q3,S2,242
31/08/2023,2023,8,31,Agosto,Quinta-feira,35,Q3,S2,243
01/09/2023,2023,9,1,Setembro,Sexta-feira,35,Q3,S2,244
02/09/2023,2023,9,2,Setembro,Sábado,35,Q3,S2,245
04/09/2023,2023,9,4,Setembro,Segunda-feira,36,Q3,S2,247
05/09/2023,2023,9,5,Setembro,Terça-feira,36,Q3,S2,248
06/09/2023,2023,9,6,Setembro,Quarta-feira,36,Q3,S2,249
07/09/2023,2023,9,7,Setembro,Quinta-feira,36,Q3,S2,250
08/09/2023,2023,9,8,Setembro,Sexta-feira,36,Q3,S2,251
09/09/2023,2023,9,9,Setembro,Sábado,36,Q3,S2,252
11/09/2023,2023,9,11,Setembro,Segunda-feira,37,Q3,S2,254
12/09/2023,2023,9,12,Setembro,Terça-feira,37,Q3,S2,255
13/09/2023,2023,9,13,Setembro,Quarta-feira,37,Q3,S2,256
14/09/2023,2023,9,14,Setembro,Quinta-feira,37,Q3,S2,257
15/09/2023,2023,9,15,Setembro,Sexta-feira,37,Q3,S2,258
16/09/2023,2023,9,16,Setembro,Sábado,37,Q3,S2,259
18/09/2023,2023,9,18,Setembro,Segunda-feira,38,Q3,S2,261
19/09/2023,2023,9,19,Setembro,Terça-feira,38,Q3,S2,262
20/09/2023,2023,9,20,Setembro,Quarta-feira,38,Q3,S2,263
21/09/2023,2023,9,21,Setembro,Quinta-feira,38,Q3,S2,264
22/09/2023,2023,9,22,Setembro,Sexta-feira,38,Q3,S2,265
23/09/2023,2023,9,23,Setembro,Sábado,38,Q3,S2,266
25/09/2023,2023,9,25,Setembro,Segunda-feira,39,Q3,S2,268
26/09/2023,2023,9,26,Setembro,Terça-feira,39,Q3,S2,269
27/09/2023,2023,9,27,Setembro,Quarta-feira,39,Q3,S2,270
28/09/2023,2023,9,28,Setembro,Quinta-feira,39,Q3,S2,271
29/09/2023,2023,9,29,Setembro,Sexta-feira,39,Q3,S2,272
30/09/2023,2023,9,30,Setembro,Sábado,39,Q3,S2,273
02/10/2023,2023,10,2,Outubro,Segunda-feira,40,Q4,S2,275
03/10/2023,2023,10,3,Outubro,Terça-feira,40,Q4,S2,276
04/10/2023,2023,10,4,Outubro,Quarta-feira,40,Q4,S2,277
05/10/2023,2023,10,5,Outubro,Quinta-feira,40,Q4,S2,278
06/10/2023,2023,10,6,Outubro,Sexta-feira,40,Q4,S2,279
07/10/2023,2023,10,7,Outubro,Sábado,40,Q4,S2,280
09/10/2023,2023,10,9,Outubro,Segunda-feira,41,Q4,S2,282
10/10/2023,2023,10,10,Outubro,Terça-feira,41,Q4,S2,283
11/10/2023,2023,10,11,Outubro,Quarta-feira,41,Q4,S2,284
12/10/2023,2023,10,12,Outubro,Quinta-feira,41,Q4,S2,285
13/10/2023,2023,10,13,Outubro,Sexta-feira,41,Q4,S2,286
14/10/2023,2023,10,14,Outubro,Sábado,41,Q4,S2,287
16/10/2023,2023,10,16,Outubro,Segunda-feira,42,Q4,S2,289
17/10/2023,2023,10,17,Outubro,Terça-feira,42,Q4,S2,290
18/10/2023,2023,10,18,Outubro,Quarta-feira,42,Q4,S2,291
19/10/2023,2023,10,19,Outubro,Quinta-feira,42,Q4,S2,292
20/10/2023,2023,10,20,Outubro,Sexta-feira,42,Q4,S2,293
21/10/2023,2023,10,21,Outubro,Sábado,42,Q4,S2,294
23/10/2023,2023,10,23,Outubro,Segunda-feira,43,Q4,S2,296
24/10/2023,2023,10,24,Outubro,Terça-feira,43,Q4,S2,297
25/10/2023,2023,10,25,Outubro,Quarta-feira,43,Q4,S2,298
26/10/2023,2023,10,26,Outubro,Quinta-feira,43,Q4,S2,299
27/10/2023,2023,10,27,Outubro,Sexta-feira,43,Q4,S2,300
28/10/2023,2023,10,28,Outubro,Sábado,43,Q4,S2,301
30/10/2023,2023,10,30,Outubro,Segunda-feira,44,Q4,S2,303
31/10/2023,2023,10,31,Outubro,Terça-feira,44,Q4,S2,304
01/11/2023,2023,11,1,Novembro,Quarta-feira,44,Q4,S2,305
02/11/2023,2023,11,2,Novembro,Quinta-feira,44,Q4,S2,306
03/11/2023,2023,11,3,Novembro,Sexta-feira,44,Q4,S2,307
04/11/2023,2023,11,4,Novembro,Sábado,44,Q4,S2,308
06/11/2023,2023,11,6,Novembro,Segunda-feira,45,Q4,S2,310
07/11/2023,2023,11,7,Novembro,Terça-feira,45,Q4,S2,311
08/11/2023,2023,11,8,Novembro,Quarta-feira,45,Q4,S2,312
09/11/2023,2023,11,9,Novembro,Quinta-feira,45,Q4,S2,313
10/11/2023,2023,11,10,Novembro,Sexta-feira,45,Q4,S2,314
11/11/2023,2023,11,11,Novembro,Sábado,45,Q4,S2,315
13/11/2023,2023,11,13,Novembro,Segunda-feira,46,Q4,S2,317
14/11/2023,2023,11,14,Novembro,Terça-feira,46,Q4,S2,318
15/11/2023,2023,11,15,Novembro,Quarta-feira,46,Q4,S2,319
16/11/2023,2023,11,16,Novembro,Quinta-feira,46,Q4,S2,320
17/11/2023,2023,11,17,Novembro,Sexta-feira,46,Q4,S2,321
18/11/2023,2023,11,18,Novembro,Sábado,46,Q4,S2,322
20/11/2023,2023,11,20,Novembro,Segunda-feira,47,Q4,S2,324
21/11/2023,2023,11,21,Novembro,Terça-feira,47,Q4,S2,325
22/11/2023,2023,11,22,Novembro,Quarta-feira,47,Q4,S2,326
23/11/2023,2023,11,23,Novembro,Quinta-feira,47,Q4,S2,327
24/11/2023,2023,11,24,Novembro,Sexta-feira,47,Q4,S2,328
25/11/2023,2023,11,25,Novembro,Sábado,47,Q4,S2,329
27/11/2023,2023,11,27,Novembro,Segunda-feira,48,Q4,S2,331
28/11/2023,2023,11,28,Novembro,Terça-feira,48,Q4,S2,332
29/11/2023,2023,11,29,Novembro,Quarta-feira,48,Q4,S2,333
30/11/2023,2023,11,30,Novembro,Quinta-feira,48,Q4,S2,334
01/12/2023,2023,12,1,Dezembro,Sexta-feira,48,Q4,S2,335
02/12/2023,2023,12,2,Dezembro,Sábado,48,Q4,S2,336
04/12/2023,2023,12,4,Dezembro,Segunda-feira,49,Q4,S2,338
05/12/2023,2023,12,5,Dezembro,Terça-feira,49,Q4,S2,339
06/12/2023,2023,12,6,Dezembro,Quarta-feira,49,Q4,S2,340
07/12/2023,2023,12,7,Dezembro,Quinta-feira,49,Q4,S2,341
08/12/2023,2023,12,8,Dezembro,Sexta-feira,49,Q4,S2,342
09/12/2023,2023,12,9,Dezembro,Sábado,49,Q4,S2,343
11/12/2023,2023,12,11,Dezembro,Segunda-feira,50,Q4,S2,345
12/12/2023,2023,12,12,Dezembro,Terça-feira,50,Q4,S2,346
13/12/2023,2023,12,13,Dezembro,Quarta-feira,50,Q4,S2,347
14/12/2023,2023,12,14,Dezembro,Quinta-feira,50,Q4,S2,348
15/12/2023,2023,12,15,Dezembro,Sexta-feira,50,Q4,S2,349
16/12/2023,2023,12,16,Dezembro,Sábado,50,Q4,S2,350
18/12/2023,2023,12,18,Dezembro,Segunda-feira,51,Q4,S2,352
19/12/2023,2023,12,19,Dezembro,Terça-feira,51,Q4,S2,353
20/12/2023,2023,12,20,Dezembro,Quarta-feira,51,Q4,S2,354
21/12/2023,2023,12,21,Dezembro,Quinta-feira,51,Q4,S2,355
22/12/2023,2023,12,22,Dezembro,Sexta-feira,51,Q4,S2,356
23/12/2023,2023,12,23,Dezembro,Sábado,51,Q4,S2,357
25/12/2023,2023,12,25,Dezembro,Segunda-feira,52,Q4,S2,359
26/12/2023,2023,12,26,Dezembro,Terça-feira,52,Q4,S2,360
27/12/2023,2023,12,27,Dezembro,Quarta-feira,52,Q4,S2,361
28/12/2023,2023,12,28,Dezembro,Quinta-feira,52,Q4,S2,362
29/12/2023,2023,12,29,Dezembro,Sexta-feira,52,Q4,S2,363
30/12/2023,2023,12,30,Dezembro,Sábado,52,Q4,S2,364
